ID,Name,Description,Tree_Is_Rooted,Tree_Type,Tree_Branch_Length_Unit,Media_ID,Source
summary,summary,bayesian,,summary,substitutions,summary,Walker2011
posterior-1,posterior-1,bayesian,,sample,substitutions,posterior,Walker2011
posterior-2,posterior-2,bayesian,,sample,substitutions,posterior,Walker2011
posterior-3,posterior-3,bayesian,,sample,substitutions,posterior,Walker2011
posterior-4,posterior-4,bayesian,,sample,substitutions,posterior,Walker2011
posterior-5,posterior-5,bayesian,,sample,substitutions,posterior,Walker2011
posterior-6,posterior-6,bayesian,,sample,substitutions,posterior,Walker2011
posterior-7,posterior-7,bayesian,,sample,substitutions,posterior,Walker2011
posterior-8,posterior-8,bayesian,,sample,substitutions,posterior,Walker2011
posterior-9,posterior-9,bayesian,,sample,substitutions,posterior,Walker2011
posterior-10,posterior-10,bayesian,,sample,substitutions,posterior,Walker2011
posterior-11,posterior-11,bayesian,,sample,substitutions,posterior,Walker2011
posterior-12,posterior-12,bayesian,,sample,substitutions,posterior,Walker2011
posterior-13,posterior-13,bayesian,,sample,substitutions,posterior,Walker2011
posterior-14,posterior-14,bayesian,,sample,substitutions,posterior,Walker2011
posterior-15,posterior-15,bayesian,,sample,substitutions,posterior,Walker2011
posterior-16,posterior-16,bayesian,,sample,substitutions,posterior,Walker2011
posterior-17,posterior-17,bayesian,,sample,substitutions,posterior,Walker2011
posterior-18,posterior-18,bayesian,,sample,substitutions,posterior,Walker2011
posterior-19,posterior-19,bayesian,,sample,substitutions,posterior,Walker2011
posterior-20,posterior-20,bayesian,,sample,substitutions,posterior,Walker2011
posterior-21,posterior-21,bayesian,,sample,substitutions,posterior,Walker2011
posterior-22,posterior-22,bayesian,,sample,substitutions,posterior,Walker2011
posterior-23,posterior-23,bayesian,,sample,substitutions,posterior,Walker2011
posterior-24,posterior-24,bayesian,,sample,substitutions,posterior,Walker2011
posterior-25,posterior-25,bayesian,,sample,substitutions,posterior,Walker2011
posterior-26,posterior-26,bayesian,,sample,substitutions,posterior,Walker2011
posterior-27,posterior-27,bayesian,,sample,substitutions,posterior,Walker2011
posterior-28,posterior-28,bayesian,,sample,substitutions,posterior,Walker2011
posterior-29,posterior-29,bayesian,,sample,substitutions,posterior,Walker2011
posterior-30,posterior-30,bayesian,,sample,substitutions,posterior,Walker2011
posterior-31,posterior-31,bayesian,,sample,substitutions,posterior,Walker2011
posterior-32,posterior-32,bayesian,,sample,substitutions,posterior,Walker2011
posterior-33,posterior-33,bayesian,,sample,substitutions,posterior,Walker2011
posterior-34,posterior-34,bayesian,,sample,substitutions,posterior,Walker2011
posterior-35,posterior-35,bayesian,,sample,substitutions,posterior,Walker2011
posterior-36,posterior-36,bayesian,,sample,substitutions,posterior,Walker2011
posterior-37,posterior-37,bayesian,,sample,substitutions,posterior,Walker2011
posterior-38,posterior-38,bayesian,,sample,substitutions,posterior,Walker2011
posterior-39,posterior-39,bayesian,,sample,substitutions,posterior,Walker2011
posterior-40,posterior-40,bayesian,,sample,substitutions,posterior,Walker2011
posterior-41,posterior-41,bayesian,,sample,substitutions,posterior,Walker2011
posterior-42,posterior-42,bayesian,,sample,substitutions,posterior,Walker2011
posterior-43,posterior-43,bayesian,,sample,substitutions,posterior,Walker2011
posterior-44,posterior-44,bayesian,,sample,substitutions,posterior,Walker2011
posterior-45,posterior-45,bayesian,,sample,substitutions,posterior,Walker2011
posterior-46,posterior-46,bayesian,,sample,substitutions,posterior,Walker2011
posterior-47,posterior-47,bayesian,,sample,substitutions,posterior,Walker2011
posterior-48,posterior-48,bayesian,,sample,substitutions,posterior,Walker2011
posterior-49,posterior-49,bayesian,,sample,substitutions,posterior,Walker2011
posterior-50,posterior-50,bayesian,,sample,substitutions,posterior,Walker2011
posterior-51,posterior-51,bayesian,,sample,substitutions,posterior,Walker2011
posterior-52,posterior-52,bayesian,,sample,substitutions,posterior,Walker2011
posterior-53,posterior-53,bayesian,,sample,substitutions,posterior,Walker2011
posterior-54,posterior-54,bayesian,,sample,substitutions,posterior,Walker2011
posterior-55,posterior-55,bayesian,,sample,substitutions,posterior,Walker2011
posterior-56,posterior-56,bayesian,,sample,substitutions,posterior,Walker2011
posterior-57,posterior-57,bayesian,,sample,substitutions,posterior,Walker2011
posterior-58,posterior-58,bayesian,,sample,substitutions,posterior,Walker2011
posterior-59,posterior-59,bayesian,,sample,substitutions,posterior,Walker2011
posterior-60,posterior-60,bayesian,,sample,substitutions,posterior,Walker2011
posterior-61,posterior-61,bayesian,,sample,substitutions,posterior,Walker2011
posterior-62,posterior-62,bayesian,,sample,substitutions,posterior,Walker2011
posterior-63,posterior-63,bayesian,,sample,substitutions,posterior,Walker2011
posterior-64,posterior-64,bayesian,,sample,substitutions,posterior,Walker2011
posterior-65,posterior-65,bayesian,,sample,substitutions,posterior,Walker2011
posterior-66,posterior-66,bayesian,,sample,substitutions,posterior,Walker2011
posterior-67,posterior-67,bayesian,,sample,substitutions,posterior,Walker2011
posterior-68,posterior-68,bayesian,,sample,substitutions,posterior,Walker2011
posterior-69,posterior-69,bayesian,,sample,substitutions,posterior,Walker2011
posterior-70,posterior-70,bayesian,,sample,substitutions,posterior,Walker2011
posterior-71,posterior-71,bayesian,,sample,substitutions,posterior,Walker2011
posterior-72,posterior-72,bayesian,,sample,substitutions,posterior,Walker2011
posterior-73,posterior-73,bayesian,,sample,substitutions,posterior,Walker2011
posterior-74,posterior-74,bayesian,,sample,substitutions,posterior,Walker2011
posterior-75,posterior-75,bayesian,,sample,substitutions,posterior,Walker2011
posterior-76,posterior-76,bayesian,,sample,substitutions,posterior,Walker2011
posterior-77,posterior-77,bayesian,,sample,substitutions,posterior,Walker2011
posterior-78,posterior-78,bayesian,,sample,substitutions,posterior,Walker2011
posterior-79,posterior-79,bayesian,,sample,substitutions,posterior,Walker2011
posterior-80,posterior-80,bayesian,,sample,substitutions,posterior,Walker2011
posterior-81,posterior-81,bayesian,,sample,substitutions,posterior,Walker2011
posterior-82,posterior-82,bayesian,,sample,substitutions,posterior,Walker2011
posterior-83,posterior-83,bayesian,,sample,substitutions,posterior,Walker2011
posterior-84,posterior-84,bayesian,,sample,substitutions,posterior,Walker2011
posterior-85,posterior-85,bayesian,,sample,substitutions,posterior,Walker2011
posterior-86,posterior-86,bayesian,,sample,substitutions,posterior,Walker2011
posterior-87,posterior-87,bayesian,,sample,substitutions,posterior,Walker2011
posterior-88,posterior-88,bayesian,,sample,substitutions,posterior,Walker2011
posterior-89,posterior-89,bayesian,,sample,substitutions,posterior,Walker2011
posterior-90,posterior-90,bayesian,,sample,substitutions,posterior,Walker2011
posterior-91,posterior-91,bayesian,,sample,substitutions,posterior,Walker2011
posterior-92,posterior-92,bayesian,,sample,substitutions,posterior,Walker2011
posterior-93,posterior-93,bayesian,,sample,substitutions,posterior,Walker2011
posterior-94,posterior-94,bayesian,,sample,substitutions,posterior,Walker2011
posterior-95,posterior-95,bayesian,,sample,substitutions,posterior,Walker2011
posterior-96,posterior-96,bayesian,,sample,substitutions,posterior,Walker2011
posterior-97,posterior-97,bayesian,,sample,substitutions,posterior,Walker2011
posterior-98,posterior-98,bayesian,,sample,substitutions,posterior,Walker2011
posterior-99,posterior-99,bayesian,,sample,substitutions,posterior,Walker2011
posterior-100,posterior-100,bayesian,,sample,substitutions,posterior,Walker2011
posterior-101,posterior-101,bayesian,,sample,substitutions,posterior,Walker2011
posterior-102,posterior-102,bayesian,,sample,substitutions,posterior,Walker2011
posterior-103,posterior-103,bayesian,,sample,substitutions,posterior,Walker2011
posterior-104,posterior-104,bayesian,,sample,substitutions,posterior,Walker2011
posterior-105,posterior-105,bayesian,,sample,substitutions,posterior,Walker2011
posterior-106,posterior-106,bayesian,,sample,substitutions,posterior,Walker2011
posterior-107,posterior-107,bayesian,,sample,substitutions,posterior,Walker2011
posterior-108,posterior-108,bayesian,,sample,substitutions,posterior,Walker2011
posterior-109,posterior-109,bayesian,,sample,substitutions,posterior,Walker2011
posterior-110,posterior-110,bayesian,,sample,substitutions,posterior,Walker2011
posterior-111,posterior-111,bayesian,,sample,substitutions,posterior,Walker2011
posterior-112,posterior-112,bayesian,,sample,substitutions,posterior,Walker2011
posterior-113,posterior-113,bayesian,,sample,substitutions,posterior,Walker2011
posterior-114,posterior-114,bayesian,,sample,substitutions,posterior,Walker2011
posterior-115,posterior-115,bayesian,,sample,substitutions,posterior,Walker2011
posterior-116,posterior-116,bayesian,,sample,substitutions,posterior,Walker2011
posterior-117,posterior-117,bayesian,,sample,substitutions,posterior,Walker2011
posterior-118,posterior-118,bayesian,,sample,substitutions,posterior,Walker2011
posterior-119,posterior-119,bayesian,,sample,substitutions,posterior,Walker2011
posterior-120,posterior-120,bayesian,,sample,substitutions,posterior,Walker2011
posterior-121,posterior-121,bayesian,,sample,substitutions,posterior,Walker2011
posterior-122,posterior-122,bayesian,,sample,substitutions,posterior,Walker2011
posterior-123,posterior-123,bayesian,,sample,substitutions,posterior,Walker2011
posterior-124,posterior-124,bayesian,,sample,substitutions,posterior,Walker2011
posterior-125,posterior-125,bayesian,,sample,substitutions,posterior,Walker2011
posterior-126,posterior-126,bayesian,,sample,substitutions,posterior,Walker2011
posterior-127,posterior-127,bayesian,,sample,substitutions,posterior,Walker2011
posterior-128,posterior-128,bayesian,,sample,substitutions,posterior,Walker2011
posterior-129,posterior-129,bayesian,,sample,substitutions,posterior,Walker2011
posterior-130,posterior-130,bayesian,,sample,substitutions,posterior,Walker2011
posterior-131,posterior-131,bayesian,,sample,substitutions,posterior,Walker2011
posterior-132,posterior-132,bayesian,,sample,substitutions,posterior,Walker2011
posterior-133,posterior-133,bayesian,,sample,substitutions,posterior,Walker2011
posterior-134,posterior-134,bayesian,,sample,substitutions,posterior,Walker2011
posterior-135,posterior-135,bayesian,,sample,substitutions,posterior,Walker2011
posterior-136,posterior-136,bayesian,,sample,substitutions,posterior,Walker2011
posterior-137,posterior-137,bayesian,,sample,substitutions,posterior,Walker2011
posterior-138,posterior-138,bayesian,,sample,substitutions,posterior,Walker2011
posterior-139,posterior-139,bayesian,,sample,substitutions,posterior,Walker2011
posterior-140,posterior-140,bayesian,,sample,substitutions,posterior,Walker2011
posterior-141,posterior-141,bayesian,,sample,substitutions,posterior,Walker2011
posterior-142,posterior-142,bayesian,,sample,substitutions,posterior,Walker2011
posterior-143,posterior-143,bayesian,,sample,substitutions,posterior,Walker2011
posterior-144,posterior-144,bayesian,,sample,substitutions,posterior,Walker2011
posterior-145,posterior-145,bayesian,,sample,substitutions,posterior,Walker2011
posterior-146,posterior-146,bayesian,,sample,substitutions,posterior,Walker2011
posterior-147,posterior-147,bayesian,,sample,substitutions,posterior,Walker2011
posterior-148,posterior-148,bayesian,,sample,substitutions,posterior,Walker2011
posterior-149,posterior-149,bayesian,,sample,substitutions,posterior,Walker2011
posterior-150,posterior-150,bayesian,,sample,substitutions,posterior,Walker2011
posterior-151,posterior-151,bayesian,,sample,substitutions,posterior,Walker2011
posterior-152,posterior-152,bayesian,,sample,substitutions,posterior,Walker2011
posterior-153,posterior-153,bayesian,,sample,substitutions,posterior,Walker2011
posterior-154,posterior-154,bayesian,,sample,substitutions,posterior,Walker2011
posterior-155,posterior-155,bayesian,,sample,substitutions,posterior,Walker2011
posterior-156,posterior-156,bayesian,,sample,substitutions,posterior,Walker2011
posterior-157,posterior-157,bayesian,,sample,substitutions,posterior,Walker2011
posterior-158,posterior-158,bayesian,,sample,substitutions,posterior,Walker2011
posterior-159,posterior-159,bayesian,,sample,substitutions,posterior,Walker2011
posterior-160,posterior-160,bayesian,,sample,substitutions,posterior,Walker2011
posterior-161,posterior-161,bayesian,,sample,substitutions,posterior,Walker2011
posterior-162,posterior-162,bayesian,,sample,substitutions,posterior,Walker2011
posterior-163,posterior-163,bayesian,,sample,substitutions,posterior,Walker2011
posterior-164,posterior-164,bayesian,,sample,substitutions,posterior,Walker2011
posterior-165,posterior-165,bayesian,,sample,substitutions,posterior,Walker2011
posterior-166,posterior-166,bayesian,,sample,substitutions,posterior,Walker2011
posterior-167,posterior-167,bayesian,,sample,substitutions,posterior,Walker2011
posterior-168,posterior-168,bayesian,,sample,substitutions,posterior,Walker2011
posterior-169,posterior-169,bayesian,,sample,substitutions,posterior,Walker2011
posterior-170,posterior-170,bayesian,,sample,substitutions,posterior,Walker2011
posterior-171,posterior-171,bayesian,,sample,substitutions,posterior,Walker2011
posterior-172,posterior-172,bayesian,,sample,substitutions,posterior,Walker2011
posterior-173,posterior-173,bayesian,,sample,substitutions,posterior,Walker2011
posterior-174,posterior-174,bayesian,,sample,substitutions,posterior,Walker2011
posterior-175,posterior-175,bayesian,,sample,substitutions,posterior,Walker2011
posterior-176,posterior-176,bayesian,,sample,substitutions,posterior,Walker2011
posterior-177,posterior-177,bayesian,,sample,substitutions,posterior,Walker2011
posterior-178,posterior-178,bayesian,,sample,substitutions,posterior,Walker2011
posterior-179,posterior-179,bayesian,,sample,substitutions,posterior,Walker2011
posterior-180,posterior-180,bayesian,,sample,substitutions,posterior,Walker2011
posterior-181,posterior-181,bayesian,,sample,substitutions,posterior,Walker2011
posterior-182,posterior-182,bayesian,,sample,substitutions,posterior,Walker2011
posterior-183,posterior-183,bayesian,,sample,substitutions,posterior,Walker2011
posterior-184,posterior-184,bayesian,,sample,substitutions,posterior,Walker2011
posterior-185,posterior-185,bayesian,,sample,substitutions,posterior,Walker2011
posterior-186,posterior-186,bayesian,,sample,substitutions,posterior,Walker2011
posterior-187,posterior-187,bayesian,,sample,substitutions,posterior,Walker2011
posterior-188,posterior-188,bayesian,,sample,substitutions,posterior,Walker2011
posterior-189,posterior-189,bayesian,,sample,substitutions,posterior,Walker2011
posterior-190,posterior-190,bayesian,,sample,substitutions,posterior,Walker2011
posterior-191,posterior-191,bayesian,,sample,substitutions,posterior,Walker2011
posterior-192,posterior-192,bayesian,,sample,substitutions,posterior,Walker2011
posterior-193,posterior-193,bayesian,,sample,substitutions,posterior,Walker2011
posterior-194,posterior-194,bayesian,,sample,substitutions,posterior,Walker2011
posterior-195,posterior-195,bayesian,,sample,substitutions,posterior,Walker2011
posterior-196,posterior-196,bayesian,,sample,substitutions,posterior,Walker2011
posterior-197,posterior-197,bayesian,,sample,substitutions,posterior,Walker2011
posterior-198,posterior-198,bayesian,,sample,substitutions,posterior,Walker2011
posterior-199,posterior-199,bayesian,,sample,substitutions,posterior,Walker2011
posterior-200,posterior-200,bayesian,,sample,substitutions,posterior,Walker2011
posterior-201,posterior-201,bayesian,,sample,substitutions,posterior,Walker2011
posterior-202,posterior-202,bayesian,,sample,substitutions,posterior,Walker2011
posterior-203,posterior-203,bayesian,,sample,substitutions,posterior,Walker2011
posterior-204,posterior-204,bayesian,,sample,substitutions,posterior,Walker2011
posterior-205,posterior-205,bayesian,,sample,substitutions,posterior,Walker2011
posterior-206,posterior-206,bayesian,,sample,substitutions,posterior,Walker2011
posterior-207,posterior-207,bayesian,,sample,substitutions,posterior,Walker2011
posterior-208,posterior-208,bayesian,,sample,substitutions,posterior,Walker2011
posterior-209,posterior-209,bayesian,,sample,substitutions,posterior,Walker2011
posterior-210,posterior-210,bayesian,,sample,substitutions,posterior,Walker2011
posterior-211,posterior-211,bayesian,,sample,substitutions,posterior,Walker2011
posterior-212,posterior-212,bayesian,,sample,substitutions,posterior,Walker2011
posterior-213,posterior-213,bayesian,,sample,substitutions,posterior,Walker2011
posterior-214,posterior-214,bayesian,,sample,substitutions,posterior,Walker2011
posterior-215,posterior-215,bayesian,,sample,substitutions,posterior,Walker2011
posterior-216,posterior-216,bayesian,,sample,substitutions,posterior,Walker2011
posterior-217,posterior-217,bayesian,,sample,substitutions,posterior,Walker2011
posterior-218,posterior-218,bayesian,,sample,substitutions,posterior,Walker2011
posterior-219,posterior-219,bayesian,,sample,substitutions,posterior,Walker2011
posterior-220,posterior-220,bayesian,,sample,substitutions,posterior,Walker2011
posterior-221,posterior-221,bayesian,,sample,substitutions,posterior,Walker2011
posterior-222,posterior-222,bayesian,,sample,substitutions,posterior,Walker2011
posterior-223,posterior-223,bayesian,,sample,substitutions,posterior,Walker2011
posterior-224,posterior-224,bayesian,,sample,substitutions,posterior,Walker2011
posterior-225,posterior-225,bayesian,,sample,substitutions,posterior,Walker2011
posterior-226,posterior-226,bayesian,,sample,substitutions,posterior,Walker2011
posterior-227,posterior-227,bayesian,,sample,substitutions,posterior,Walker2011
posterior-228,posterior-228,bayesian,,sample,substitutions,posterior,Walker2011
posterior-229,posterior-229,bayesian,,sample,substitutions,posterior,Walker2011
posterior-230,posterior-230,bayesian,,sample,substitutions,posterior,Walker2011
posterior-231,posterior-231,bayesian,,sample,substitutions,posterior,Walker2011
posterior-232,posterior-232,bayesian,,sample,substitutions,posterior,Walker2011
posterior-233,posterior-233,bayesian,,sample,substitutions,posterior,Walker2011
posterior-234,posterior-234,bayesian,,sample,substitutions,posterior,Walker2011
posterior-235,posterior-235,bayesian,,sample,substitutions,posterior,Walker2011
posterior-236,posterior-236,bayesian,,sample,substitutions,posterior,Walker2011
posterior-237,posterior-237,bayesian,,sample,substitutions,posterior,Walker2011
posterior-238,posterior-238,bayesian,,sample,substitutions,posterior,Walker2011
posterior-239,posterior-239,bayesian,,sample,substitutions,posterior,Walker2011
posterior-240,posterior-240,bayesian,,sample,substitutions,posterior,Walker2011
posterior-241,posterior-241,bayesian,,sample,substitutions,posterior,Walker2011
posterior-242,posterior-242,bayesian,,sample,substitutions,posterior,Walker2011
posterior-243,posterior-243,bayesian,,sample,substitutions,posterior,Walker2011
posterior-244,posterior-244,bayesian,,sample,substitutions,posterior,Walker2011
posterior-245,posterior-245,bayesian,,sample,substitutions,posterior,Walker2011
posterior-246,posterior-246,bayesian,,sample,substitutions,posterior,Walker2011
posterior-247,posterior-247,bayesian,,sample,substitutions,posterior,Walker2011
posterior-248,posterior-248,bayesian,,sample,substitutions,posterior,Walker2011
posterior-249,posterior-249,bayesian,,sample,substitutions,posterior,Walker2011
posterior-250,posterior-250,bayesian,,sample,substitutions,posterior,Walker2011
posterior-251,posterior-251,bayesian,,sample,substitutions,posterior,Walker2011
posterior-252,posterior-252,bayesian,,sample,substitutions,posterior,Walker2011
posterior-253,posterior-253,bayesian,,sample,substitutions,posterior,Walker2011
posterior-254,posterior-254,bayesian,,sample,substitutions,posterior,Walker2011
posterior-255,posterior-255,bayesian,,sample,substitutions,posterior,Walker2011
posterior-256,posterior-256,bayesian,,sample,substitutions,posterior,Walker2011
posterior-257,posterior-257,bayesian,,sample,substitutions,posterior,Walker2011
posterior-258,posterior-258,bayesian,,sample,substitutions,posterior,Walker2011
posterior-259,posterior-259,bayesian,,sample,substitutions,posterior,Walker2011
posterior-260,posterior-260,bayesian,,sample,substitutions,posterior,Walker2011
posterior-261,posterior-261,bayesian,,sample,substitutions,posterior,Walker2011
posterior-262,posterior-262,bayesian,,sample,substitutions,posterior,Walker2011
posterior-263,posterior-263,bayesian,,sample,substitutions,posterior,Walker2011
posterior-264,posterior-264,bayesian,,sample,substitutions,posterior,Walker2011
posterior-265,posterior-265,bayesian,,sample,substitutions,posterior,Walker2011
posterior-266,posterior-266,bayesian,,sample,substitutions,posterior,Walker2011
posterior-267,posterior-267,bayesian,,sample,substitutions,posterior,Walker2011
posterior-268,posterior-268,bayesian,,sample,substitutions,posterior,Walker2011
posterior-269,posterior-269,bayesian,,sample,substitutions,posterior,Walker2011
posterior-270,posterior-270,bayesian,,sample,substitutions,posterior,Walker2011
posterior-271,posterior-271,bayesian,,sample,substitutions,posterior,Walker2011
posterior-272,posterior-272,bayesian,,sample,substitutions,posterior,Walker2011
posterior-273,posterior-273,bayesian,,sample,substitutions,posterior,Walker2011
posterior-274,posterior-274,bayesian,,sample,substitutions,posterior,Walker2011
posterior-275,posterior-275,bayesian,,sample,substitutions,posterior,Walker2011
posterior-276,posterior-276,bayesian,,sample,substitutions,posterior,Walker2011
posterior-277,posterior-277,bayesian,,sample,substitutions,posterior,Walker2011
posterior-278,posterior-278,bayesian,,sample,substitutions,posterior,Walker2011
posterior-279,posterior-279,bayesian,,sample,substitutions,posterior,Walker2011
posterior-280,posterior-280,bayesian,,sample,substitutions,posterior,Walker2011
posterior-281,posterior-281,bayesian,,sample,substitutions,posterior,Walker2011
posterior-282,posterior-282,bayesian,,sample,substitutions,posterior,Walker2011
posterior-283,posterior-283,bayesian,,sample,substitutions,posterior,Walker2011
posterior-284,posterior-284,bayesian,,sample,substitutions,posterior,Walker2011
posterior-285,posterior-285,bayesian,,sample,substitutions,posterior,Walker2011
posterior-286,posterior-286,bayesian,,sample,substitutions,posterior,Walker2011
posterior-287,posterior-287,bayesian,,sample,substitutions,posterior,Walker2011
posterior-288,posterior-288,bayesian,,sample,substitutions,posterior,Walker2011
posterior-289,posterior-289,bayesian,,sample,substitutions,posterior,Walker2011
posterior-290,posterior-290,bayesian,,sample,substitutions,posterior,Walker2011
posterior-291,posterior-291,bayesian,,sample,substitutions,posterior,Walker2011
posterior-292,posterior-292,bayesian,,sample,substitutions,posterior,Walker2011
posterior-293,posterior-293,bayesian,,sample,substitutions,posterior,Walker2011
posterior-294,posterior-294,bayesian,,sample,substitutions,posterior,Walker2011
posterior-295,posterior-295,bayesian,,sample,substitutions,posterior,Walker2011
posterior-296,posterior-296,bayesian,,sample,substitutions,posterior,Walker2011
posterior-297,posterior-297,bayesian,,sample,substitutions,posterior,Walker2011
posterior-298,posterior-298,bayesian,,sample,substitutions,posterior,Walker2011
posterior-299,posterior-299,bayesian,,sample,substitutions,posterior,Walker2011
posterior-300,posterior-300,bayesian,,sample,substitutions,posterior,Walker2011
posterior-301,posterior-301,bayesian,,sample,substitutions,posterior,Walker2011
posterior-302,posterior-302,bayesian,,sample,substitutions,posterior,Walker2011
posterior-303,posterior-303,bayesian,,sample,substitutions,posterior,Walker2011
posterior-304,posterior-304,bayesian,,sample,substitutions,posterior,Walker2011
posterior-305,posterior-305,bayesian,,sample,substitutions,posterior,Walker2011
posterior-306,posterior-306,bayesian,,sample,substitutions,posterior,Walker2011
posterior-307,posterior-307,bayesian,,sample,substitutions,posterior,Walker2011
posterior-308,posterior-308,bayesian,,sample,substitutions,posterior,Walker2011
posterior-309,posterior-309,bayesian,,sample,substitutions,posterior,Walker2011
posterior-310,posterior-310,bayesian,,sample,substitutions,posterior,Walker2011
posterior-311,posterior-311,bayesian,,sample,substitutions,posterior,Walker2011
posterior-312,posterior-312,bayesian,,sample,substitutions,posterior,Walker2011
posterior-313,posterior-313,bayesian,,sample,substitutions,posterior,Walker2011
posterior-314,posterior-314,bayesian,,sample,substitutions,posterior,Walker2011
posterior-315,posterior-315,bayesian,,sample,substitutions,posterior,Walker2011
posterior-316,posterior-316,bayesian,,sample,substitutions,posterior,Walker2011
posterior-317,posterior-317,bayesian,,sample,substitutions,posterior,Walker2011
posterior-318,posterior-318,bayesian,,sample,substitutions,posterior,Walker2011
posterior-319,posterior-319,bayesian,,sample,substitutions,posterior,Walker2011
posterior-320,posterior-320,bayesian,,sample,substitutions,posterior,Walker2011
posterior-321,posterior-321,bayesian,,sample,substitutions,posterior,Walker2011
posterior-322,posterior-322,bayesian,,sample,substitutions,posterior,Walker2011
posterior-323,posterior-323,bayesian,,sample,substitutions,posterior,Walker2011
posterior-324,posterior-324,bayesian,,sample,substitutions,posterior,Walker2011
posterior-325,posterior-325,bayesian,,sample,substitutions,posterior,Walker2011
posterior-326,posterior-326,bayesian,,sample,substitutions,posterior,Walker2011
posterior-327,posterior-327,bayesian,,sample,substitutions,posterior,Walker2011
posterior-328,posterior-328,bayesian,,sample,substitutions,posterior,Walker2011
posterior-329,posterior-329,bayesian,,sample,substitutions,posterior,Walker2011
posterior-330,posterior-330,bayesian,,sample,substitutions,posterior,Walker2011
posterior-331,posterior-331,bayesian,,sample,substitutions,posterior,Walker2011
posterior-332,posterior-332,bayesian,,sample,substitutions,posterior,Walker2011
posterior-333,posterior-333,bayesian,,sample,substitutions,posterior,Walker2011
posterior-334,posterior-334,bayesian,,sample,substitutions,posterior,Walker2011
posterior-335,posterior-335,bayesian,,sample,substitutions,posterior,Walker2011
posterior-336,posterior-336,bayesian,,sample,substitutions,posterior,Walker2011
posterior-337,posterior-337,bayesian,,sample,substitutions,posterior,Walker2011
posterior-338,posterior-338,bayesian,,sample,substitutions,posterior,Walker2011
posterior-339,posterior-339,bayesian,,sample,substitutions,posterior,Walker2011
posterior-340,posterior-340,bayesian,,sample,substitutions,posterior,Walker2011
posterior-341,posterior-341,bayesian,,sample,substitutions,posterior,Walker2011
posterior-342,posterior-342,bayesian,,sample,substitutions,posterior,Walker2011
posterior-343,posterior-343,bayesian,,sample,substitutions,posterior,Walker2011
posterior-344,posterior-344,bayesian,,sample,substitutions,posterior,Walker2011
posterior-345,posterior-345,bayesian,,sample,substitutions,posterior,Walker2011
posterior-346,posterior-346,bayesian,,sample,substitutions,posterior,Walker2011
posterior-347,posterior-347,bayesian,,sample,substitutions,posterior,Walker2011
posterior-348,posterior-348,bayesian,,sample,substitutions,posterior,Walker2011
posterior-349,posterior-349,bayesian,,sample,substitutions,posterior,Walker2011
posterior-350,posterior-350,bayesian,,sample,substitutions,posterior,Walker2011
posterior-351,posterior-351,bayesian,,sample,substitutions,posterior,Walker2011
posterior-352,posterior-352,bayesian,,sample,substitutions,posterior,Walker2011
posterior-353,posterior-353,bayesian,,sample,substitutions,posterior,Walker2011
posterior-354,posterior-354,bayesian,,sample,substitutions,posterior,Walker2011
posterior-355,posterior-355,bayesian,,sample,substitutions,posterior,Walker2011
posterior-356,posterior-356,bayesian,,sample,substitutions,posterior,Walker2011
posterior-357,posterior-357,bayesian,,sample,substitutions,posterior,Walker2011
posterior-358,posterior-358,bayesian,,sample,substitutions,posterior,Walker2011
posterior-359,posterior-359,bayesian,,sample,substitutions,posterior,Walker2011
posterior-360,posterior-360,bayesian,,sample,substitutions,posterior,Walker2011
posterior-361,posterior-361,bayesian,,sample,substitutions,posterior,Walker2011
posterior-362,posterior-362,bayesian,,sample,substitutions,posterior,Walker2011
posterior-363,posterior-363,bayesian,,sample,substitutions,posterior,Walker2011
posterior-364,posterior-364,bayesian,,sample,substitutions,posterior,Walker2011
posterior-365,posterior-365,bayesian,,sample,substitutions,posterior,Walker2011
posterior-366,posterior-366,bayesian,,sample,substitutions,posterior,Walker2011
posterior-367,posterior-367,bayesian,,sample,substitutions,posterior,Walker2011
posterior-368,posterior-368,bayesian,,sample,substitutions,posterior,Walker2011
posterior-369,posterior-369,bayesian,,sample,substitutions,posterior,Walker2011
posterior-370,posterior-370,bayesian,,sample,substitutions,posterior,Walker2011
posterior-371,posterior-371,bayesian,,sample,substitutions,posterior,Walker2011
posterior-372,posterior-372,bayesian,,sample,substitutions,posterior,Walker2011
posterior-373,posterior-373,bayesian,,sample,substitutions,posterior,Walker2011
posterior-374,posterior-374,bayesian,,sample,substitutions,posterior,Walker2011
posterior-375,posterior-375,bayesian,,sample,substitutions,posterior,Walker2011
posterior-376,posterior-376,bayesian,,sample,substitutions,posterior,Walker2011
posterior-377,posterior-377,bayesian,,sample,substitutions,posterior,Walker2011
posterior-378,posterior-378,bayesian,,sample,substitutions,posterior,Walker2011
posterior-379,posterior-379,bayesian,,sample,substitutions,posterior,Walker2011
posterior-380,posterior-380,bayesian,,sample,substitutions,posterior,Walker2011
posterior-381,posterior-381,bayesian,,sample,substitutions,posterior,Walker2011
posterior-382,posterior-382,bayesian,,sample,substitutions,posterior,Walker2011
posterior-383,posterior-383,bayesian,,sample,substitutions,posterior,Walker2011
posterior-384,posterior-384,bayesian,,sample,substitutions,posterior,Walker2011
posterior-385,posterior-385,bayesian,,sample,substitutions,posterior,Walker2011
posterior-386,posterior-386,bayesian,,sample,substitutions,posterior,Walker2011
posterior-387,posterior-387,bayesian,,sample,substitutions,posterior,Walker2011
posterior-388,posterior-388,bayesian,,sample,substitutions,posterior,Walker2011
posterior-389,posterior-389,bayesian,,sample,substitutions,posterior,Walker2011
posterior-390,posterior-390,bayesian,,sample,substitutions,posterior,Walker2011
posterior-391,posterior-391,bayesian,,sample,substitutions,posterior,Walker2011
posterior-392,posterior-392,bayesian,,sample,substitutions,posterior,Walker2011
posterior-393,posterior-393,bayesian,,sample,substitutions,posterior,Walker2011
posterior-394,posterior-394,bayesian,,sample,substitutions,posterior,Walker2011
posterior-395,posterior-395,bayesian,,sample,substitutions,posterior,Walker2011
posterior-396,posterior-396,bayesian,,sample,substitutions,posterior,Walker2011
posterior-397,posterior-397,bayesian,,sample,substitutions,posterior,Walker2011
posterior-398,posterior-398,bayesian,,sample,substitutions,posterior,Walker2011
posterior-399,posterior-399,bayesian,,sample,substitutions,posterior,Walker2011
posterior-400,posterior-400,bayesian,,sample,substitutions,posterior,Walker2011
posterior-401,posterior-401,bayesian,,sample,substitutions,posterior,Walker2011
posterior-402,posterior-402,bayesian,,sample,substitutions,posterior,Walker2011
posterior-403,posterior-403,bayesian,,sample,substitutions,posterior,Walker2011
posterior-404,posterior-404,bayesian,,sample,substitutions,posterior,Walker2011
posterior-405,posterior-405,bayesian,,sample,substitutions,posterior,Walker2011
posterior-406,posterior-406,bayesian,,sample,substitutions,posterior,Walker2011
posterior-407,posterior-407,bayesian,,sample,substitutions,posterior,Walker2011
posterior-408,posterior-408,bayesian,,sample,substitutions,posterior,Walker2011
posterior-409,posterior-409,bayesian,,sample,substitutions,posterior,Walker2011
posterior-410,posterior-410,bayesian,,sample,substitutions,posterior,Walker2011
posterior-411,posterior-411,bayesian,,sample,substitutions,posterior,Walker2011
posterior-412,posterior-412,bayesian,,sample,substitutions,posterior,Walker2011
posterior-413,posterior-413,bayesian,,sample,substitutions,posterior,Walker2011
posterior-414,posterior-414,bayesian,,sample,substitutions,posterior,Walker2011
posterior-415,posterior-415,bayesian,,sample,substitutions,posterior,Walker2011
posterior-416,posterior-416,bayesian,,sample,substitutions,posterior,Walker2011
posterior-417,posterior-417,bayesian,,sample,substitutions,posterior,Walker2011
posterior-418,posterior-418,bayesian,,sample,substitutions,posterior,Walker2011
posterior-419,posterior-419,bayesian,,sample,substitutions,posterior,Walker2011
posterior-420,posterior-420,bayesian,,sample,substitutions,posterior,Walker2011
posterior-421,posterior-421,bayesian,,sample,substitutions,posterior,Walker2011
posterior-422,posterior-422,bayesian,,sample,substitutions,posterior,Walker2011
posterior-423,posterior-423,bayesian,,sample,substitutions,posterior,Walker2011
posterior-424,posterior-424,bayesian,,sample,substitutions,posterior,Walker2011
posterior-425,posterior-425,bayesian,,sample,substitutions,posterior,Walker2011
posterior-426,posterior-426,bayesian,,sample,substitutions,posterior,Walker2011
posterior-427,posterior-427,bayesian,,sample,substitutions,posterior,Walker2011
posterior-428,posterior-428,bayesian,,sample,substitutions,posterior,Walker2011
posterior-429,posterior-429,bayesian,,sample,substitutions,posterior,Walker2011
posterior-430,posterior-430,bayesian,,sample,substitutions,posterior,Walker2011
posterior-431,posterior-431,bayesian,,sample,substitutions,posterior,Walker2011
posterior-432,posterior-432,bayesian,,sample,substitutions,posterior,Walker2011
posterior-433,posterior-433,bayesian,,sample,substitutions,posterior,Walker2011
posterior-434,posterior-434,bayesian,,sample,substitutions,posterior,Walker2011
posterior-435,posterior-435,bayesian,,sample,substitutions,posterior,Walker2011
posterior-436,posterior-436,bayesian,,sample,substitutions,posterior,Walker2011
posterior-437,posterior-437,bayesian,,sample,substitutions,posterior,Walker2011
posterior-438,posterior-438,bayesian,,sample,substitutions,posterior,Walker2011
posterior-439,posterior-439,bayesian,,sample,substitutions,posterior,Walker2011
posterior-440,posterior-440,bayesian,,sample,substitutions,posterior,Walker2011
posterior-441,posterior-441,bayesian,,sample,substitutions,posterior,Walker2011
posterior-442,posterior-442,bayesian,,sample,substitutions,posterior,Walker2011
posterior-443,posterior-443,bayesian,,sample,substitutions,posterior,Walker2011
posterior-444,posterior-444,bayesian,,sample,substitutions,posterior,Walker2011
posterior-445,posterior-445,bayesian,,sample,substitutions,posterior,Walker2011
posterior-446,posterior-446,bayesian,,sample,substitutions,posterior,Walker2011
posterior-447,posterior-447,bayesian,,sample,substitutions,posterior,Walker2011
posterior-448,posterior-448,bayesian,,sample,substitutions,posterior,Walker2011
posterior-449,posterior-449,bayesian,,sample,substitutions,posterior,Walker2011
posterior-450,posterior-450,bayesian,,sample,substitutions,posterior,Walker2011
posterior-451,posterior-451,bayesian,,sample,substitutions,posterior,Walker2011
posterior-452,posterior-452,bayesian,,sample,substitutions,posterior,Walker2011
posterior-453,posterior-453,bayesian,,sample,substitutions,posterior,Walker2011
posterior-454,posterior-454,bayesian,,sample,substitutions,posterior,Walker2011
posterior-455,posterior-455,bayesian,,sample,substitutions,posterior,Walker2011
posterior-456,posterior-456,bayesian,,sample,substitutions,posterior,Walker2011
posterior-457,posterior-457,bayesian,,sample,substitutions,posterior,Walker2011
posterior-458,posterior-458,bayesian,,sample,substitutions,posterior,Walker2011
posterior-459,posterior-459,bayesian,,sample,substitutions,posterior,Walker2011
posterior-460,posterior-460,bayesian,,sample,substitutions,posterior,Walker2011
posterior-461,posterior-461,bayesian,,sample,substitutions,posterior,Walker2011
posterior-462,posterior-462,bayesian,,sample,substitutions,posterior,Walker2011
posterior-463,posterior-463,bayesian,,sample,substitutions,posterior,Walker2011
posterior-464,posterior-464,bayesian,,sample,substitutions,posterior,Walker2011
posterior-465,posterior-465,bayesian,,sample,substitutions,posterior,Walker2011
posterior-466,posterior-466,bayesian,,sample,substitutions,posterior,Walker2011
posterior-467,posterior-467,bayesian,,sample,substitutions,posterior,Walker2011
posterior-468,posterior-468,bayesian,,sample,substitutions,posterior,Walker2011
posterior-469,posterior-469,bayesian,,sample,substitutions,posterior,Walker2011
posterior-470,posterior-470,bayesian,,sample,substitutions,posterior,Walker2011
posterior-471,posterior-471,bayesian,,sample,substitutions,posterior,Walker2011
posterior-472,posterior-472,bayesian,,sample,substitutions,posterior,Walker2011
posterior-473,posterior-473,bayesian,,sample,substitutions,posterior,Walker2011
posterior-474,posterior-474,bayesian,,sample,substitutions,posterior,Walker2011
posterior-475,posterior-475,bayesian,,sample,substitutions,posterior,Walker2011
posterior-476,posterior-476,bayesian,,sample,substitutions,posterior,Walker2011
posterior-477,posterior-477,bayesian,,sample,substitutions,posterior,Walker2011
posterior-478,posterior-478,bayesian,,sample,substitutions,posterior,Walker2011
posterior-479,posterior-479,bayesian,,sample,substitutions,posterior,Walker2011
posterior-480,posterior-480,bayesian,,sample,substitutions,posterior,Walker2011
posterior-481,posterior-481,bayesian,,sample,substitutions,posterior,Walker2011
posterior-482,posterior-482,bayesian,,sample,substitutions,posterior,Walker2011
posterior-483,posterior-483,bayesian,,sample,substitutions,posterior,Walker2011
posterior-484,posterior-484,bayesian,,sample,substitutions,posterior,Walker2011
posterior-485,posterior-485,bayesian,,sample,substitutions,posterior,Walker2011
posterior-486,posterior-486,bayesian,,sample,substitutions,posterior,Walker2011
posterior-487,posterior-487,bayesian,,sample,substitutions,posterior,Walker2011
posterior-488,posterior-488,bayesian,,sample,substitutions,posterior,Walker2011
posterior-489,posterior-489,bayesian,,sample,substitutions,posterior,Walker2011
posterior-490,posterior-490,bayesian,,sample,substitutions,posterior,Walker2011
posterior-491,posterior-491,bayesian,,sample,substitutions,posterior,Walker2011
posterior-492,posterior-492,bayesian,,sample,substitutions,posterior,Walker2011
posterior-493,posterior-493,bayesian,,sample,substitutions,posterior,Walker2011
posterior-494,posterior-494,bayesian,,sample,substitutions,posterior,Walker2011
posterior-495,posterior-495,bayesian,,sample,substitutions,posterior,Walker2011
posterior-496,posterior-496,bayesian,,sample,substitutions,posterior,Walker2011
posterior-497,posterior-497,bayesian,,sample,substitutions,posterior,Walker2011
posterior-498,posterior-498,bayesian,,sample,substitutions,posterior,Walker2011
posterior-499,posterior-499,bayesian,,sample,substitutions,posterior,Walker2011
posterior-500,posterior-500,bayesian,,sample,substitutions,posterior,Walker2011
posterior-501,posterior-501,bayesian,,sample,substitutions,posterior,Walker2011
posterior-502,posterior-502,bayesian,,sample,substitutions,posterior,Walker2011
posterior-503,posterior-503,bayesian,,sample,substitutions,posterior,Walker2011
posterior-504,posterior-504,bayesian,,sample,substitutions,posterior,Walker2011
posterior-505,posterior-505,bayesian,,sample,substitutions,posterior,Walker2011
posterior-506,posterior-506,bayesian,,sample,substitutions,posterior,Walker2011
posterior-507,posterior-507,bayesian,,sample,substitutions,posterior,Walker2011
posterior-508,posterior-508,bayesian,,sample,substitutions,posterior,Walker2011
posterior-509,posterior-509,bayesian,,sample,substitutions,posterior,Walker2011
posterior-510,posterior-510,bayesian,,sample,substitutions,posterior,Walker2011
posterior-511,posterior-511,bayesian,,sample,substitutions,posterior,Walker2011
posterior-512,posterior-512,bayesian,,sample,substitutions,posterior,Walker2011
posterior-513,posterior-513,bayesian,,sample,substitutions,posterior,Walker2011
posterior-514,posterior-514,bayesian,,sample,substitutions,posterior,Walker2011
posterior-515,posterior-515,bayesian,,sample,substitutions,posterior,Walker2011
posterior-516,posterior-516,bayesian,,sample,substitutions,posterior,Walker2011
posterior-517,posterior-517,bayesian,,sample,substitutions,posterior,Walker2011
posterior-518,posterior-518,bayesian,,sample,substitutions,posterior,Walker2011
posterior-519,posterior-519,bayesian,,sample,substitutions,posterior,Walker2011
posterior-520,posterior-520,bayesian,,sample,substitutions,posterior,Walker2011
posterior-521,posterior-521,bayesian,,sample,substitutions,posterior,Walker2011
posterior-522,posterior-522,bayesian,,sample,substitutions,posterior,Walker2011
posterior-523,posterior-523,bayesian,,sample,substitutions,posterior,Walker2011
posterior-524,posterior-524,bayesian,,sample,substitutions,posterior,Walker2011
posterior-525,posterior-525,bayesian,,sample,substitutions,posterior,Walker2011
posterior-526,posterior-526,bayesian,,sample,substitutions,posterior,Walker2011
posterior-527,posterior-527,bayesian,,sample,substitutions,posterior,Walker2011
posterior-528,posterior-528,bayesian,,sample,substitutions,posterior,Walker2011
posterior-529,posterior-529,bayesian,,sample,substitutions,posterior,Walker2011
posterior-530,posterior-530,bayesian,,sample,substitutions,posterior,Walker2011
posterior-531,posterior-531,bayesian,,sample,substitutions,posterior,Walker2011
posterior-532,posterior-532,bayesian,,sample,substitutions,posterior,Walker2011
posterior-533,posterior-533,bayesian,,sample,substitutions,posterior,Walker2011
posterior-534,posterior-534,bayesian,,sample,substitutions,posterior,Walker2011
posterior-535,posterior-535,bayesian,,sample,substitutions,posterior,Walker2011
posterior-536,posterior-536,bayesian,,sample,substitutions,posterior,Walker2011
posterior-537,posterior-537,bayesian,,sample,substitutions,posterior,Walker2011
posterior-538,posterior-538,bayesian,,sample,substitutions,posterior,Walker2011
posterior-539,posterior-539,bayesian,,sample,substitutions,posterior,Walker2011
posterior-540,posterior-540,bayesian,,sample,substitutions,posterior,Walker2011
posterior-541,posterior-541,bayesian,,sample,substitutions,posterior,Walker2011
posterior-542,posterior-542,bayesian,,sample,substitutions,posterior,Walker2011
posterior-543,posterior-543,bayesian,,sample,substitutions,posterior,Walker2011
posterior-544,posterior-544,bayesian,,sample,substitutions,posterior,Walker2011
posterior-545,posterior-545,bayesian,,sample,substitutions,posterior,Walker2011
posterior-546,posterior-546,bayesian,,sample,substitutions,posterior,Walker2011
posterior-547,posterior-547,bayesian,,sample,substitutions,posterior,Walker2011
posterior-548,posterior-548,bayesian,,sample,substitutions,posterior,Walker2011
posterior-549,posterior-549,bayesian,,sample,substitutions,posterior,Walker2011
posterior-550,posterior-550,bayesian,,sample,substitutions,posterior,Walker2011
posterior-551,posterior-551,bayesian,,sample,substitutions,posterior,Walker2011
posterior-552,posterior-552,bayesian,,sample,substitutions,posterior,Walker2011
posterior-553,posterior-553,bayesian,,sample,substitutions,posterior,Walker2011
posterior-554,posterior-554,bayesian,,sample,substitutions,posterior,Walker2011
posterior-555,posterior-555,bayesian,,sample,substitutions,posterior,Walker2011
posterior-556,posterior-556,bayesian,,sample,substitutions,posterior,Walker2011
posterior-557,posterior-557,bayesian,,sample,substitutions,posterior,Walker2011
posterior-558,posterior-558,bayesian,,sample,substitutions,posterior,Walker2011
posterior-559,posterior-559,bayesian,,sample,substitutions,posterior,Walker2011
posterior-560,posterior-560,bayesian,,sample,substitutions,posterior,Walker2011
posterior-561,posterior-561,bayesian,,sample,substitutions,posterior,Walker2011
posterior-562,posterior-562,bayesian,,sample,substitutions,posterior,Walker2011
posterior-563,posterior-563,bayesian,,sample,substitutions,posterior,Walker2011
posterior-564,posterior-564,bayesian,,sample,substitutions,posterior,Walker2011
posterior-565,posterior-565,bayesian,,sample,substitutions,posterior,Walker2011
posterior-566,posterior-566,bayesian,,sample,substitutions,posterior,Walker2011
posterior-567,posterior-567,bayesian,,sample,substitutions,posterior,Walker2011
posterior-568,posterior-568,bayesian,,sample,substitutions,posterior,Walker2011
posterior-569,posterior-569,bayesian,,sample,substitutions,posterior,Walker2011
posterior-570,posterior-570,bayesian,,sample,substitutions,posterior,Walker2011
posterior-571,posterior-571,bayesian,,sample,substitutions,posterior,Walker2011
posterior-572,posterior-572,bayesian,,sample,substitutions,posterior,Walker2011
posterior-573,posterior-573,bayesian,,sample,substitutions,posterior,Walker2011
posterior-574,posterior-574,bayesian,,sample,substitutions,posterior,Walker2011
posterior-575,posterior-575,bayesian,,sample,substitutions,posterior,Walker2011
posterior-576,posterior-576,bayesian,,sample,substitutions,posterior,Walker2011
posterior-577,posterior-577,bayesian,,sample,substitutions,posterior,Walker2011
posterior-578,posterior-578,bayesian,,sample,substitutions,posterior,Walker2011
posterior-579,posterior-579,bayesian,,sample,substitutions,posterior,Walker2011
posterior-580,posterior-580,bayesian,,sample,substitutions,posterior,Walker2011
posterior-581,posterior-581,bayesian,,sample,substitutions,posterior,Walker2011
posterior-582,posterior-582,bayesian,,sample,substitutions,posterior,Walker2011
posterior-583,posterior-583,bayesian,,sample,substitutions,posterior,Walker2011
posterior-584,posterior-584,bayesian,,sample,substitutions,posterior,Walker2011
posterior-585,posterior-585,bayesian,,sample,substitutions,posterior,Walker2011
posterior-586,posterior-586,bayesian,,sample,substitutions,posterior,Walker2011
posterior-587,posterior-587,bayesian,,sample,substitutions,posterior,Walker2011
posterior-588,posterior-588,bayesian,,sample,substitutions,posterior,Walker2011
posterior-589,posterior-589,bayesian,,sample,substitutions,posterior,Walker2011
posterior-590,posterior-590,bayesian,,sample,substitutions,posterior,Walker2011
posterior-591,posterior-591,bayesian,,sample,substitutions,posterior,Walker2011
posterior-592,posterior-592,bayesian,,sample,substitutions,posterior,Walker2011
posterior-593,posterior-593,bayesian,,sample,substitutions,posterior,Walker2011
posterior-594,posterior-594,bayesian,,sample,substitutions,posterior,Walker2011
posterior-595,posterior-595,bayesian,,sample,substitutions,posterior,Walker2011
posterior-596,posterior-596,bayesian,,sample,substitutions,posterior,Walker2011
posterior-597,posterior-597,bayesian,,sample,substitutions,posterior,Walker2011
posterior-598,posterior-598,bayesian,,sample,substitutions,posterior,Walker2011
posterior-599,posterior-599,bayesian,,sample,substitutions,posterior,Walker2011
posterior-600,posterior-600,bayesian,,sample,substitutions,posterior,Walker2011
posterior-601,posterior-601,bayesian,,sample,substitutions,posterior,Walker2011
posterior-602,posterior-602,bayesian,,sample,substitutions,posterior,Walker2011
posterior-603,posterior-603,bayesian,,sample,substitutions,posterior,Walker2011
posterior-604,posterior-604,bayesian,,sample,substitutions,posterior,Walker2011
posterior-605,posterior-605,bayesian,,sample,substitutions,posterior,Walker2011
posterior-606,posterior-606,bayesian,,sample,substitutions,posterior,Walker2011
posterior-607,posterior-607,bayesian,,sample,substitutions,posterior,Walker2011
posterior-608,posterior-608,bayesian,,sample,substitutions,posterior,Walker2011
posterior-609,posterior-609,bayesian,,sample,substitutions,posterior,Walker2011
posterior-610,posterior-610,bayesian,,sample,substitutions,posterior,Walker2011
posterior-611,posterior-611,bayesian,,sample,substitutions,posterior,Walker2011
posterior-612,posterior-612,bayesian,,sample,substitutions,posterior,Walker2011
posterior-613,posterior-613,bayesian,,sample,substitutions,posterior,Walker2011
posterior-614,posterior-614,bayesian,,sample,substitutions,posterior,Walker2011
posterior-615,posterior-615,bayesian,,sample,substitutions,posterior,Walker2011
posterior-616,posterior-616,bayesian,,sample,substitutions,posterior,Walker2011
posterior-617,posterior-617,bayesian,,sample,substitutions,posterior,Walker2011
posterior-618,posterior-618,bayesian,,sample,substitutions,posterior,Walker2011
posterior-619,posterior-619,bayesian,,sample,substitutions,posterior,Walker2011
posterior-620,posterior-620,bayesian,,sample,substitutions,posterior,Walker2011
posterior-621,posterior-621,bayesian,,sample,substitutions,posterior,Walker2011
posterior-622,posterior-622,bayesian,,sample,substitutions,posterior,Walker2011
posterior-623,posterior-623,bayesian,,sample,substitutions,posterior,Walker2011
posterior-624,posterior-624,bayesian,,sample,substitutions,posterior,Walker2011
posterior-625,posterior-625,bayesian,,sample,substitutions,posterior,Walker2011
posterior-626,posterior-626,bayesian,,sample,substitutions,posterior,Walker2011
posterior-627,posterior-627,bayesian,,sample,substitutions,posterior,Walker2011
posterior-628,posterior-628,bayesian,,sample,substitutions,posterior,Walker2011
posterior-629,posterior-629,bayesian,,sample,substitutions,posterior,Walker2011
posterior-630,posterior-630,bayesian,,sample,substitutions,posterior,Walker2011
posterior-631,posterior-631,bayesian,,sample,substitutions,posterior,Walker2011
posterior-632,posterior-632,bayesian,,sample,substitutions,posterior,Walker2011
posterior-633,posterior-633,bayesian,,sample,substitutions,posterior,Walker2011
posterior-634,posterior-634,bayesian,,sample,substitutions,posterior,Walker2011
posterior-635,posterior-635,bayesian,,sample,substitutions,posterior,Walker2011
posterior-636,posterior-636,bayesian,,sample,substitutions,posterior,Walker2011
posterior-637,posterior-637,bayesian,,sample,substitutions,posterior,Walker2011
posterior-638,posterior-638,bayesian,,sample,substitutions,posterior,Walker2011
posterior-639,posterior-639,bayesian,,sample,substitutions,posterior,Walker2011
posterior-640,posterior-640,bayesian,,sample,substitutions,posterior,Walker2011
posterior-641,posterior-641,bayesian,,sample,substitutions,posterior,Walker2011
posterior-642,posterior-642,bayesian,,sample,substitutions,posterior,Walker2011
posterior-643,posterior-643,bayesian,,sample,substitutions,posterior,Walker2011
posterior-644,posterior-644,bayesian,,sample,substitutions,posterior,Walker2011
posterior-645,posterior-645,bayesian,,sample,substitutions,posterior,Walker2011
posterior-646,posterior-646,bayesian,,sample,substitutions,posterior,Walker2011
posterior-647,posterior-647,bayesian,,sample,substitutions,posterior,Walker2011
posterior-648,posterior-648,bayesian,,sample,substitutions,posterior,Walker2011
posterior-649,posterior-649,bayesian,,sample,substitutions,posterior,Walker2011
posterior-650,posterior-650,bayesian,,sample,substitutions,posterior,Walker2011
posterior-651,posterior-651,bayesian,,sample,substitutions,posterior,Walker2011
posterior-652,posterior-652,bayesian,,sample,substitutions,posterior,Walker2011
posterior-653,posterior-653,bayesian,,sample,substitutions,posterior,Walker2011
posterior-654,posterior-654,bayesian,,sample,substitutions,posterior,Walker2011
posterior-655,posterior-655,bayesian,,sample,substitutions,posterior,Walker2011
posterior-656,posterior-656,bayesian,,sample,substitutions,posterior,Walker2011
posterior-657,posterior-657,bayesian,,sample,substitutions,posterior,Walker2011
posterior-658,posterior-658,bayesian,,sample,substitutions,posterior,Walker2011
posterior-659,posterior-659,bayesian,,sample,substitutions,posterior,Walker2011
posterior-660,posterior-660,bayesian,,sample,substitutions,posterior,Walker2011
posterior-661,posterior-661,bayesian,,sample,substitutions,posterior,Walker2011
posterior-662,posterior-662,bayesian,,sample,substitutions,posterior,Walker2011
posterior-663,posterior-663,bayesian,,sample,substitutions,posterior,Walker2011
posterior-664,posterior-664,bayesian,,sample,substitutions,posterior,Walker2011
posterior-665,posterior-665,bayesian,,sample,substitutions,posterior,Walker2011
posterior-666,posterior-666,bayesian,,sample,substitutions,posterior,Walker2011
posterior-667,posterior-667,bayesian,,sample,substitutions,posterior,Walker2011
posterior-668,posterior-668,bayesian,,sample,substitutions,posterior,Walker2011
posterior-669,posterior-669,bayesian,,sample,substitutions,posterior,Walker2011
posterior-670,posterior-670,bayesian,,sample,substitutions,posterior,Walker2011
posterior-671,posterior-671,bayesian,,sample,substitutions,posterior,Walker2011
posterior-672,posterior-672,bayesian,,sample,substitutions,posterior,Walker2011
posterior-673,posterior-673,bayesian,,sample,substitutions,posterior,Walker2011
posterior-674,posterior-674,bayesian,,sample,substitutions,posterior,Walker2011
posterior-675,posterior-675,bayesian,,sample,substitutions,posterior,Walker2011
posterior-676,posterior-676,bayesian,,sample,substitutions,posterior,Walker2011
posterior-677,posterior-677,bayesian,,sample,substitutions,posterior,Walker2011
posterior-678,posterior-678,bayesian,,sample,substitutions,posterior,Walker2011
posterior-679,posterior-679,bayesian,,sample,substitutions,posterior,Walker2011
posterior-680,posterior-680,bayesian,,sample,substitutions,posterior,Walker2011
posterior-681,posterior-681,bayesian,,sample,substitutions,posterior,Walker2011
posterior-682,posterior-682,bayesian,,sample,substitutions,posterior,Walker2011
posterior-683,posterior-683,bayesian,,sample,substitutions,posterior,Walker2011
posterior-684,posterior-684,bayesian,,sample,substitutions,posterior,Walker2011
posterior-685,posterior-685,bayesian,,sample,substitutions,posterior,Walker2011
posterior-686,posterior-686,bayesian,,sample,substitutions,posterior,Walker2011
posterior-687,posterior-687,bayesian,,sample,substitutions,posterior,Walker2011
posterior-688,posterior-688,bayesian,,sample,substitutions,posterior,Walker2011
posterior-689,posterior-689,bayesian,,sample,substitutions,posterior,Walker2011
posterior-690,posterior-690,bayesian,,sample,substitutions,posterior,Walker2011
posterior-691,posterior-691,bayesian,,sample,substitutions,posterior,Walker2011
posterior-692,posterior-692,bayesian,,sample,substitutions,posterior,Walker2011
posterior-693,posterior-693,bayesian,,sample,substitutions,posterior,Walker2011
posterior-694,posterior-694,bayesian,,sample,substitutions,posterior,Walker2011
posterior-695,posterior-695,bayesian,,sample,substitutions,posterior,Walker2011
posterior-696,posterior-696,bayesian,,sample,substitutions,posterior,Walker2011
posterior-697,posterior-697,bayesian,,sample,substitutions,posterior,Walker2011
posterior-698,posterior-698,bayesian,,sample,substitutions,posterior,Walker2011
posterior-699,posterior-699,bayesian,,sample,substitutions,posterior,Walker2011
posterior-700,posterior-700,bayesian,,sample,substitutions,posterior,Walker2011
posterior-701,posterior-701,bayesian,,sample,substitutions,posterior,Walker2011
posterior-702,posterior-702,bayesian,,sample,substitutions,posterior,Walker2011
posterior-703,posterior-703,bayesian,,sample,substitutions,posterior,Walker2011
posterior-704,posterior-704,bayesian,,sample,substitutions,posterior,Walker2011
posterior-705,posterior-705,bayesian,,sample,substitutions,posterior,Walker2011
posterior-706,posterior-706,bayesian,,sample,substitutions,posterior,Walker2011
posterior-707,posterior-707,bayesian,,sample,substitutions,posterior,Walker2011
posterior-708,posterior-708,bayesian,,sample,substitutions,posterior,Walker2011
posterior-709,posterior-709,bayesian,,sample,substitutions,posterior,Walker2011
posterior-710,posterior-710,bayesian,,sample,substitutions,posterior,Walker2011
posterior-711,posterior-711,bayesian,,sample,substitutions,posterior,Walker2011
posterior-712,posterior-712,bayesian,,sample,substitutions,posterior,Walker2011
posterior-713,posterior-713,bayesian,,sample,substitutions,posterior,Walker2011
posterior-714,posterior-714,bayesian,,sample,substitutions,posterior,Walker2011
posterior-715,posterior-715,bayesian,,sample,substitutions,posterior,Walker2011
posterior-716,posterior-716,bayesian,,sample,substitutions,posterior,Walker2011
posterior-717,posterior-717,bayesian,,sample,substitutions,posterior,Walker2011
posterior-718,posterior-718,bayesian,,sample,substitutions,posterior,Walker2011
posterior-719,posterior-719,bayesian,,sample,substitutions,posterior,Walker2011
posterior-720,posterior-720,bayesian,,sample,substitutions,posterior,Walker2011
posterior-721,posterior-721,bayesian,,sample,substitutions,posterior,Walker2011
posterior-722,posterior-722,bayesian,,sample,substitutions,posterior,Walker2011
posterior-723,posterior-723,bayesian,,sample,substitutions,posterior,Walker2011
posterior-724,posterior-724,bayesian,,sample,substitutions,posterior,Walker2011
posterior-725,posterior-725,bayesian,,sample,substitutions,posterior,Walker2011
posterior-726,posterior-726,bayesian,,sample,substitutions,posterior,Walker2011
posterior-727,posterior-727,bayesian,,sample,substitutions,posterior,Walker2011
posterior-728,posterior-728,bayesian,,sample,substitutions,posterior,Walker2011
posterior-729,posterior-729,bayesian,,sample,substitutions,posterior,Walker2011
posterior-730,posterior-730,bayesian,,sample,substitutions,posterior,Walker2011
posterior-731,posterior-731,bayesian,,sample,substitutions,posterior,Walker2011
posterior-732,posterior-732,bayesian,,sample,substitutions,posterior,Walker2011
posterior-733,posterior-733,bayesian,,sample,substitutions,posterior,Walker2011
posterior-734,posterior-734,bayesian,,sample,substitutions,posterior,Walker2011
posterior-735,posterior-735,bayesian,,sample,substitutions,posterior,Walker2011
posterior-736,posterior-736,bayesian,,sample,substitutions,posterior,Walker2011
posterior-737,posterior-737,bayesian,,sample,substitutions,posterior,Walker2011
posterior-738,posterior-738,bayesian,,sample,substitutions,posterior,Walker2011
posterior-739,posterior-739,bayesian,,sample,substitutions,posterior,Walker2011
posterior-740,posterior-740,bayesian,,sample,substitutions,posterior,Walker2011
posterior-741,posterior-741,bayesian,,sample,substitutions,posterior,Walker2011
posterior-742,posterior-742,bayesian,,sample,substitutions,posterior,Walker2011
posterior-743,posterior-743,bayesian,,sample,substitutions,posterior,Walker2011
posterior-744,posterior-744,bayesian,,sample,substitutions,posterior,Walker2011
posterior-745,posterior-745,bayesian,,sample,substitutions,posterior,Walker2011
posterior-746,posterior-746,bayesian,,sample,substitutions,posterior,Walker2011
posterior-747,posterior-747,bayesian,,sample,substitutions,posterior,Walker2011
posterior-748,posterior-748,bayesian,,sample,substitutions,posterior,Walker2011
posterior-749,posterior-749,bayesian,,sample,substitutions,posterior,Walker2011
posterior-750,posterior-750,bayesian,,sample,substitutions,posterior,Walker2011
posterior-751,posterior-751,bayesian,,sample,substitutions,posterior,Walker2011
posterior-752,posterior-752,bayesian,,sample,substitutions,posterior,Walker2011
posterior-753,posterior-753,bayesian,,sample,substitutions,posterior,Walker2011
posterior-754,posterior-754,bayesian,,sample,substitutions,posterior,Walker2011
posterior-755,posterior-755,bayesian,,sample,substitutions,posterior,Walker2011
posterior-756,posterior-756,bayesian,,sample,substitutions,posterior,Walker2011
posterior-757,posterior-757,bayesian,,sample,substitutions,posterior,Walker2011
posterior-758,posterior-758,bayesian,,sample,substitutions,posterior,Walker2011
posterior-759,posterior-759,bayesian,,sample,substitutions,posterior,Walker2011
posterior-760,posterior-760,bayesian,,sample,substitutions,posterior,Walker2011
posterior-761,posterior-761,bayesian,,sample,substitutions,posterior,Walker2011
posterior-762,posterior-762,bayesian,,sample,substitutions,posterior,Walker2011
posterior-763,posterior-763,bayesian,,sample,substitutions,posterior,Walker2011
posterior-764,posterior-764,bayesian,,sample,substitutions,posterior,Walker2011
posterior-765,posterior-765,bayesian,,sample,substitutions,posterior,Walker2011
posterior-766,posterior-766,bayesian,,sample,substitutions,posterior,Walker2011
posterior-767,posterior-767,bayesian,,sample,substitutions,posterior,Walker2011
posterior-768,posterior-768,bayesian,,sample,substitutions,posterior,Walker2011
posterior-769,posterior-769,bayesian,,sample,substitutions,posterior,Walker2011
posterior-770,posterior-770,bayesian,,sample,substitutions,posterior,Walker2011
posterior-771,posterior-771,bayesian,,sample,substitutions,posterior,Walker2011
posterior-772,posterior-772,bayesian,,sample,substitutions,posterior,Walker2011
posterior-773,posterior-773,bayesian,,sample,substitutions,posterior,Walker2011
posterior-774,posterior-774,bayesian,,sample,substitutions,posterior,Walker2011
posterior-775,posterior-775,bayesian,,sample,substitutions,posterior,Walker2011
posterior-776,posterior-776,bayesian,,sample,substitutions,posterior,Walker2011
posterior-777,posterior-777,bayesian,,sample,substitutions,posterior,Walker2011
posterior-778,posterior-778,bayesian,,sample,substitutions,posterior,Walker2011
posterior-779,posterior-779,bayesian,,sample,substitutions,posterior,Walker2011
posterior-780,posterior-780,bayesian,,sample,substitutions,posterior,Walker2011
posterior-781,posterior-781,bayesian,,sample,substitutions,posterior,Walker2011
posterior-782,posterior-782,bayesian,,sample,substitutions,posterior,Walker2011
posterior-783,posterior-783,bayesian,,sample,substitutions,posterior,Walker2011
posterior-784,posterior-784,bayesian,,sample,substitutions,posterior,Walker2011
posterior-785,posterior-785,bayesian,,sample,substitutions,posterior,Walker2011
posterior-786,posterior-786,bayesian,,sample,substitutions,posterior,Walker2011
posterior-787,posterior-787,bayesian,,sample,substitutions,posterior,Walker2011
posterior-788,posterior-788,bayesian,,sample,substitutions,posterior,Walker2011
posterior-789,posterior-789,bayesian,,sample,substitutions,posterior,Walker2011
posterior-790,posterior-790,bayesian,,sample,substitutions,posterior,Walker2011
posterior-791,posterior-791,bayesian,,sample,substitutions,posterior,Walker2011
posterior-792,posterior-792,bayesian,,sample,substitutions,posterior,Walker2011
posterior-793,posterior-793,bayesian,,sample,substitutions,posterior,Walker2011
posterior-794,posterior-794,bayesian,,sample,substitutions,posterior,Walker2011
posterior-795,posterior-795,bayesian,,sample,substitutions,posterior,Walker2011
posterior-796,posterior-796,bayesian,,sample,substitutions,posterior,Walker2011
posterior-797,posterior-797,bayesian,,sample,substitutions,posterior,Walker2011
posterior-798,posterior-798,bayesian,,sample,substitutions,posterior,Walker2011
posterior-799,posterior-799,bayesian,,sample,substitutions,posterior,Walker2011
posterior-800,posterior-800,bayesian,,sample,substitutions,posterior,Walker2011
posterior-801,posterior-801,bayesian,,sample,substitutions,posterior,Walker2011
posterior-802,posterior-802,bayesian,,sample,substitutions,posterior,Walker2011
posterior-803,posterior-803,bayesian,,sample,substitutions,posterior,Walker2011
posterior-804,posterior-804,bayesian,,sample,substitutions,posterior,Walker2011
posterior-805,posterior-805,bayesian,,sample,substitutions,posterior,Walker2011
posterior-806,posterior-806,bayesian,,sample,substitutions,posterior,Walker2011
posterior-807,posterior-807,bayesian,,sample,substitutions,posterior,Walker2011
posterior-808,posterior-808,bayesian,,sample,substitutions,posterior,Walker2011
posterior-809,posterior-809,bayesian,,sample,substitutions,posterior,Walker2011
posterior-810,posterior-810,bayesian,,sample,substitutions,posterior,Walker2011
posterior-811,posterior-811,bayesian,,sample,substitutions,posterior,Walker2011
posterior-812,posterior-812,bayesian,,sample,substitutions,posterior,Walker2011
posterior-813,posterior-813,bayesian,,sample,substitutions,posterior,Walker2011
posterior-814,posterior-814,bayesian,,sample,substitutions,posterior,Walker2011
posterior-815,posterior-815,bayesian,,sample,substitutions,posterior,Walker2011
posterior-816,posterior-816,bayesian,,sample,substitutions,posterior,Walker2011
posterior-817,posterior-817,bayesian,,sample,substitutions,posterior,Walker2011
posterior-818,posterior-818,bayesian,,sample,substitutions,posterior,Walker2011
posterior-819,posterior-819,bayesian,,sample,substitutions,posterior,Walker2011
posterior-820,posterior-820,bayesian,,sample,substitutions,posterior,Walker2011
posterior-821,posterior-821,bayesian,,sample,substitutions,posterior,Walker2011
posterior-822,posterior-822,bayesian,,sample,substitutions,posterior,Walker2011
posterior-823,posterior-823,bayesian,,sample,substitutions,posterior,Walker2011
posterior-824,posterior-824,bayesian,,sample,substitutions,posterior,Walker2011
posterior-825,posterior-825,bayesian,,sample,substitutions,posterior,Walker2011
posterior-826,posterior-826,bayesian,,sample,substitutions,posterior,Walker2011
posterior-827,posterior-827,bayesian,,sample,substitutions,posterior,Walker2011
posterior-828,posterior-828,bayesian,,sample,substitutions,posterior,Walker2011
posterior-829,posterior-829,bayesian,,sample,substitutions,posterior,Walker2011
posterior-830,posterior-830,bayesian,,sample,substitutions,posterior,Walker2011
posterior-831,posterior-831,bayesian,,sample,substitutions,posterior,Walker2011
posterior-832,posterior-832,bayesian,,sample,substitutions,posterior,Walker2011
posterior-833,posterior-833,bayesian,,sample,substitutions,posterior,Walker2011
posterior-834,posterior-834,bayesian,,sample,substitutions,posterior,Walker2011
posterior-835,posterior-835,bayesian,,sample,substitutions,posterior,Walker2011
posterior-836,posterior-836,bayesian,,sample,substitutions,posterior,Walker2011
posterior-837,posterior-837,bayesian,,sample,substitutions,posterior,Walker2011
posterior-838,posterior-838,bayesian,,sample,substitutions,posterior,Walker2011
posterior-839,posterior-839,bayesian,,sample,substitutions,posterior,Walker2011
posterior-840,posterior-840,bayesian,,sample,substitutions,posterior,Walker2011
posterior-841,posterior-841,bayesian,,sample,substitutions,posterior,Walker2011
posterior-842,posterior-842,bayesian,,sample,substitutions,posterior,Walker2011
posterior-843,posterior-843,bayesian,,sample,substitutions,posterior,Walker2011
posterior-844,posterior-844,bayesian,,sample,substitutions,posterior,Walker2011
posterior-845,posterior-845,bayesian,,sample,substitutions,posterior,Walker2011
posterior-846,posterior-846,bayesian,,sample,substitutions,posterior,Walker2011
posterior-847,posterior-847,bayesian,,sample,substitutions,posterior,Walker2011
posterior-848,posterior-848,bayesian,,sample,substitutions,posterior,Walker2011
posterior-849,posterior-849,bayesian,,sample,substitutions,posterior,Walker2011
posterior-850,posterior-850,bayesian,,sample,substitutions,posterior,Walker2011
posterior-851,posterior-851,bayesian,,sample,substitutions,posterior,Walker2011
posterior-852,posterior-852,bayesian,,sample,substitutions,posterior,Walker2011
posterior-853,posterior-853,bayesian,,sample,substitutions,posterior,Walker2011
posterior-854,posterior-854,bayesian,,sample,substitutions,posterior,Walker2011
posterior-855,posterior-855,bayesian,,sample,substitutions,posterior,Walker2011
posterior-856,posterior-856,bayesian,,sample,substitutions,posterior,Walker2011
posterior-857,posterior-857,bayesian,,sample,substitutions,posterior,Walker2011
posterior-858,posterior-858,bayesian,,sample,substitutions,posterior,Walker2011
posterior-859,posterior-859,bayesian,,sample,substitutions,posterior,Walker2011
posterior-860,posterior-860,bayesian,,sample,substitutions,posterior,Walker2011
posterior-861,posterior-861,bayesian,,sample,substitutions,posterior,Walker2011
posterior-862,posterior-862,bayesian,,sample,substitutions,posterior,Walker2011
posterior-863,posterior-863,bayesian,,sample,substitutions,posterior,Walker2011
posterior-864,posterior-864,bayesian,,sample,substitutions,posterior,Walker2011
posterior-865,posterior-865,bayesian,,sample,substitutions,posterior,Walker2011
posterior-866,posterior-866,bayesian,,sample,substitutions,posterior,Walker2011
posterior-867,posterior-867,bayesian,,sample,substitutions,posterior,Walker2011
posterior-868,posterior-868,bayesian,,sample,substitutions,posterior,Walker2011
posterior-869,posterior-869,bayesian,,sample,substitutions,posterior,Walker2011
posterior-870,posterior-870,bayesian,,sample,substitutions,posterior,Walker2011
posterior-871,posterior-871,bayesian,,sample,substitutions,posterior,Walker2011
posterior-872,posterior-872,bayesian,,sample,substitutions,posterior,Walker2011
posterior-873,posterior-873,bayesian,,sample,substitutions,posterior,Walker2011
posterior-874,posterior-874,bayesian,,sample,substitutions,posterior,Walker2011
posterior-875,posterior-875,bayesian,,sample,substitutions,posterior,Walker2011
posterior-876,posterior-876,bayesian,,sample,substitutions,posterior,Walker2011
posterior-877,posterior-877,bayesian,,sample,substitutions,posterior,Walker2011
posterior-878,posterior-878,bayesian,,sample,substitutions,posterior,Walker2011
posterior-879,posterior-879,bayesian,,sample,substitutions,posterior,Walker2011
posterior-880,posterior-880,bayesian,,sample,substitutions,posterior,Walker2011
posterior-881,posterior-881,bayesian,,sample,substitutions,posterior,Walker2011
posterior-882,posterior-882,bayesian,,sample,substitutions,posterior,Walker2011
posterior-883,posterior-883,bayesian,,sample,substitutions,posterior,Walker2011
posterior-884,posterior-884,bayesian,,sample,substitutions,posterior,Walker2011
posterior-885,posterior-885,bayesian,,sample,substitutions,posterior,Walker2011
posterior-886,posterior-886,bayesian,,sample,substitutions,posterior,Walker2011
posterior-887,posterior-887,bayesian,,sample,substitutions,posterior,Walker2011
posterior-888,posterior-888,bayesian,,sample,substitutions,posterior,Walker2011
posterior-889,posterior-889,bayesian,,sample,substitutions,posterior,Walker2011
posterior-890,posterior-890,bayesian,,sample,substitutions,posterior,Walker2011
posterior-891,posterior-891,bayesian,,sample,substitutions,posterior,Walker2011
posterior-892,posterior-892,bayesian,,sample,substitutions,posterior,Walker2011
posterior-893,posterior-893,bayesian,,sample,substitutions,posterior,Walker2011
posterior-894,posterior-894,bayesian,,sample,substitutions,posterior,Walker2011
posterior-895,posterior-895,bayesian,,sample,substitutions,posterior,Walker2011
posterior-896,posterior-896,bayesian,,sample,substitutions,posterior,Walker2011
posterior-897,posterior-897,bayesian,,sample,substitutions,posterior,Walker2011
posterior-898,posterior-898,bayesian,,sample,substitutions,posterior,Walker2011
posterior-899,posterior-899,bayesian,,sample,substitutions,posterior,Walker2011
posterior-900,posterior-900,bayesian,,sample,substitutions,posterior,Walker2011
posterior-901,posterior-901,bayesian,,sample,substitutions,posterior,Walker2011
posterior-902,posterior-902,bayesian,,sample,substitutions,posterior,Walker2011
posterior-903,posterior-903,bayesian,,sample,substitutions,posterior,Walker2011
posterior-904,posterior-904,bayesian,,sample,substitutions,posterior,Walker2011
posterior-905,posterior-905,bayesian,,sample,substitutions,posterior,Walker2011
posterior-906,posterior-906,bayesian,,sample,substitutions,posterior,Walker2011
posterior-907,posterior-907,bayesian,,sample,substitutions,posterior,Walker2011
posterior-908,posterior-908,bayesian,,sample,substitutions,posterior,Walker2011
posterior-909,posterior-909,bayesian,,sample,substitutions,posterior,Walker2011
posterior-910,posterior-910,bayesian,,sample,substitutions,posterior,Walker2011
posterior-911,posterior-911,bayesian,,sample,substitutions,posterior,Walker2011
posterior-912,posterior-912,bayesian,,sample,substitutions,posterior,Walker2011
posterior-913,posterior-913,bayesian,,sample,substitutions,posterior,Walker2011
posterior-914,posterior-914,bayesian,,sample,substitutions,posterior,Walker2011
posterior-915,posterior-915,bayesian,,sample,substitutions,posterior,Walker2011
posterior-916,posterior-916,bayesian,,sample,substitutions,posterior,Walker2011
posterior-917,posterior-917,bayesian,,sample,substitutions,posterior,Walker2011
posterior-918,posterior-918,bayesian,,sample,substitutions,posterior,Walker2011
posterior-919,posterior-919,bayesian,,sample,substitutions,posterior,Walker2011
posterior-920,posterior-920,bayesian,,sample,substitutions,posterior,Walker2011
posterior-921,posterior-921,bayesian,,sample,substitutions,posterior,Walker2011
posterior-922,posterior-922,bayesian,,sample,substitutions,posterior,Walker2011
posterior-923,posterior-923,bayesian,,sample,substitutions,posterior,Walker2011
posterior-924,posterior-924,bayesian,,sample,substitutions,posterior,Walker2011
posterior-925,posterior-925,bayesian,,sample,substitutions,posterior,Walker2011
posterior-926,posterior-926,bayesian,,sample,substitutions,posterior,Walker2011
posterior-927,posterior-927,bayesian,,sample,substitutions,posterior,Walker2011
posterior-928,posterior-928,bayesian,,sample,substitutions,posterior,Walker2011
posterior-929,posterior-929,bayesian,,sample,substitutions,posterior,Walker2011
posterior-930,posterior-930,bayesian,,sample,substitutions,posterior,Walker2011
posterior-931,posterior-931,bayesian,,sample,substitutions,posterior,Walker2011
posterior-932,posterior-932,bayesian,,sample,substitutions,posterior,Walker2011
posterior-933,posterior-933,bayesian,,sample,substitutions,posterior,Walker2011
posterior-934,posterior-934,bayesian,,sample,substitutions,posterior,Walker2011
posterior-935,posterior-935,bayesian,,sample,substitutions,posterior,Walker2011
posterior-936,posterior-936,bayesian,,sample,substitutions,posterior,Walker2011
posterior-937,posterior-937,bayesian,,sample,substitutions,posterior,Walker2011
posterior-938,posterior-938,bayesian,,sample,substitutions,posterior,Walker2011
posterior-939,posterior-939,bayesian,,sample,substitutions,posterior,Walker2011
posterior-940,posterior-940,bayesian,,sample,substitutions,posterior,Walker2011
posterior-941,posterior-941,bayesian,,sample,substitutions,posterior,Walker2011
posterior-942,posterior-942,bayesian,,sample,substitutions,posterior,Walker2011
posterior-943,posterior-943,bayesian,,sample,substitutions,posterior,Walker2011
posterior-944,posterior-944,bayesian,,sample,substitutions,posterior,Walker2011
posterior-945,posterior-945,bayesian,,sample,substitutions,posterior,Walker2011
posterior-946,posterior-946,bayesian,,sample,substitutions,posterior,Walker2011
posterior-947,posterior-947,bayesian,,sample,substitutions,posterior,Walker2011
posterior-948,posterior-948,bayesian,,sample,substitutions,posterior,Walker2011
posterior-949,posterior-949,bayesian,,sample,substitutions,posterior,Walker2011
posterior-950,posterior-950,bayesian,,sample,substitutions,posterior,Walker2011
posterior-951,posterior-951,bayesian,,sample,substitutions,posterior,Walker2011
posterior-952,posterior-952,bayesian,,sample,substitutions,posterior,Walker2011
posterior-953,posterior-953,bayesian,,sample,substitutions,posterior,Walker2011
posterior-954,posterior-954,bayesian,,sample,substitutions,posterior,Walker2011
posterior-955,posterior-955,bayesian,,sample,substitutions,posterior,Walker2011
posterior-956,posterior-956,bayesian,,sample,substitutions,posterior,Walker2011
posterior-957,posterior-957,bayesian,,sample,substitutions,posterior,Walker2011
posterior-958,posterior-958,bayesian,,sample,substitutions,posterior,Walker2011
posterior-959,posterior-959,bayesian,,sample,substitutions,posterior,Walker2011
posterior-960,posterior-960,bayesian,,sample,substitutions,posterior,Walker2011
posterior-961,posterior-961,bayesian,,sample,substitutions,posterior,Walker2011
posterior-962,posterior-962,bayesian,,sample,substitutions,posterior,Walker2011
posterior-963,posterior-963,bayesian,,sample,substitutions,posterior,Walker2011
posterior-964,posterior-964,bayesian,,sample,substitutions,posterior,Walker2011
posterior-965,posterior-965,bayesian,,sample,substitutions,posterior,Walker2011
posterior-966,posterior-966,bayesian,,sample,substitutions,posterior,Walker2011
posterior-967,posterior-967,bayesian,,sample,substitutions,posterior,Walker2011
posterior-968,posterior-968,bayesian,,sample,substitutions,posterior,Walker2011
posterior-969,posterior-969,bayesian,,sample,substitutions,posterior,Walker2011
posterior-970,posterior-970,bayesian,,sample,substitutions,posterior,Walker2011
posterior-971,posterior-971,bayesian,,sample,substitutions,posterior,Walker2011
posterior-972,posterior-972,bayesian,,sample,substitutions,posterior,Walker2011
posterior-973,posterior-973,bayesian,,sample,substitutions,posterior,Walker2011
posterior-974,posterior-974,bayesian,,sample,substitutions,posterior,Walker2011
posterior-975,posterior-975,bayesian,,sample,substitutions,posterior,Walker2011
posterior-976,posterior-976,bayesian,,sample,substitutions,posterior,Walker2011
posterior-977,posterior-977,bayesian,,sample,substitutions,posterior,Walker2011
posterior-978,posterior-978,bayesian,,sample,substitutions,posterior,Walker2011
posterior-979,posterior-979,bayesian,,sample,substitutions,posterior,Walker2011
posterior-980,posterior-980,bayesian,,sample,substitutions,posterior,Walker2011
posterior-981,posterior-981,bayesian,,sample,substitutions,posterior,Walker2011
posterior-982,posterior-982,bayesian,,sample,substitutions,posterior,Walker2011
posterior-983,posterior-983,bayesian,,sample,substitutions,posterior,Walker2011
posterior-984,posterior-984,bayesian,,sample,substitutions,posterior,Walker2011
posterior-985,posterior-985,bayesian,,sample,substitutions,posterior,Walker2011
posterior-986,posterior-986,bayesian,,sample,substitutions,posterior,Walker2011
posterior-987,posterior-987,bayesian,,sample,substitutions,posterior,Walker2011
posterior-988,posterior-988,bayesian,,sample,substitutions,posterior,Walker2011
posterior-989,posterior-989,bayesian,,sample,substitutions,posterior,Walker2011
posterior-990,posterior-990,bayesian,,sample,substitutions,posterior,Walker2011
posterior-991,posterior-991,bayesian,,sample,substitutions,posterior,Walker2011
posterior-992,posterior-992,bayesian,,sample,substitutions,posterior,Walker2011
posterior-993,posterior-993,bayesian,,sample,substitutions,posterior,Walker2011
posterior-994,posterior-994,bayesian,,sample,substitutions,posterior,Walker2011
posterior-995,posterior-995,bayesian,,sample,substitutions,posterior,Walker2011
posterior-996,posterior-996,bayesian,,sample,substitutions,posterior,Walker2011
posterior-997,posterior-997,bayesian,,sample,substitutions,posterior,Walker2011
posterior-998,posterior-998,bayesian,,sample,substitutions,posterior,Walker2011
posterior-999,posterior-999,bayesian,,sample,substitutions,posterior,Walker2011
posterior-1000,posterior-1000,bayesian,,sample,substitutions,posterior,Walker2011
